﻿Designator,Quantity,Value,Footprint,Package,MPN,DNP,Mount_Type,Description,Sim.Pins,Description_1,Height,Mouser Part Number,Mouser Price/Stock,Manufacturer_Name,Field11,SD Card Doc,Fiel
"C1, C6",2,10uF,C_0201_0603Metric,,,,smt,"Unpolarized capacitor, small symbol",,,,,,,,,
C10,1,4.7uF,C_0201_0603Metric,,,,smt,"Unpolarized capacitor, small symbol",,,,,,,,,
"C11, C12, C4, C9",4,1uF,C_0201_0603Metric,,,,smt,"Unpolarized capacitor, small symbol",,,,,,,,,
C13,1,1nF,C_0201_0603Metric,,,,smt,"Unpolarized capacitor, small symbol",,,,,,,,,
"C14, C2, C3, C5",4,0.1uF,C_0201_0603Metric,,,,smt,"Unpolarized capacitor, small symbol",,,,,,,,,
C7,1,4.7uF/25V,C_1206_3216Metric,,,,smt,"Unpolarized capacitor, small symbol",,,,,,,,,
C8,1,22uF/6.3V,C_0805_2012Metric,,,,smt,"Unpolarized capacitor, small symbol",,,,,,,,,
D1,1,DESD3V3E1BL,D_SOD-882,,,,smt,"Bidirectional ESD protection diode, 3.3Vrwm, SOD-882",,,,,,,,,
"D2, D4, D5",3,LED,LED_0402_1005Metric,,,,smt,Light emitting diode,1=K 2=A,,,,,,,,
IC1,1,TPS629206QDRLRQ1,SOTFL50P160X60-8N,,TPS629206QDRLRQ1,,smt,"Switching Voltage Regulators Automotive 3-V to 17-V, 0.6-A, low-IQ, synchronous buck converter in SOT-583 package 8-SOT-5X3 -40 to 150",,"Switching Voltage Regulators Automotive 3-V to 17-V, 0.6-A, low-IQ, synchronous buck converter in SOT-583 package 8-SOT-5X3 -40 to 150",0.6,595-TPS629206QDRLRQ1,https://www.mouser.co.uk/ProductDetail/Texas-Instruments/TPS629206QDRLRQ1?qs=Znm5pLBrcAKSjTz%252BzqwnCQ%3D%3D,Texas Instruments,,,
IC2,1,BQ24074RGTR,QFN50P300X300X100-17N-D,,BQ24074RGTR,,smt,"USB-Friendly Li-Ion Battery Charger and Power-Path Management IC, 10.5V OVP",,"USB-Friendly Li-Ion Battery Charger and Power-Path Management IC, 10.5V OVP",1,595-BQ24074RGTR,https://www.mouser.co.uk/ProductDetail/Texas-Instruments/BQ24074RGTR?qs=ZV%2Fxhq4oszp2Nll7fIx5wg%3D%3D,Texas Instruments,https://www.ti.com/lit/ds/symlink/bq24074.pdf?ts=1763244263694&ref_url=https%253A%252F%252Fwww.ti.com%252Fproduct%252FBQ24074%253Futm_source%253Dgoogle%2526utm_medium%253Dcpc%2526utm_campaign%253Dapp-null-null-GPN_EN-cpc-pf-google-ww_en_cons%2526utm_content%253DBQ24074%2526ds_k%253DBQ24074+Datasheet%2526DCM%253Dyes%2526gclsrc%253Daw.ds%2526gad_source%253D1%2526gad_campaignid%253D1767856010%2526gbraid%253D0AAAAAC068F1Dko5rCDbYCIEuucLsKVslc%2526gclid%253DCj0KCQiA5uDIBhDAARIsAOxj0CH29n63qRSfGYGpxAbzUqAyqPHtgRywXHM5Knt_cZPcZulSCMiRc_8aAp_8EALw_wcB,,
J1,1,USB_B_Micro,USB_Micro-AB_Molex_47590-0001,,,,smt,USB Micro Type B connector,,,,,,,,,
J2,1,Micro_SD_Card,microSD_HC_Molex_47219-2001,,,,smt,Micro SD Card Socket,,,,,,,,https://www.convict.lu/pdf/ProdManualSDCardv1.9.pdf,https://electronics.stackexchange.com/questions/39571/how-to-do-pulling-up-or-down-correctly-when-interfacing-a-microsd-card
L1,1,2.2uH,L_TDK_MLZ1608,,,,smt,"Inductor, small symbol",,,,,,,,,
R1,1,619k,R_0201_0603Metric,,,,smt,"Resistor, small symbol",,,,,,,,,
R10,1,3.05k,R_0201_0603Metric,,,Yes,smt,"Resistor, small symbol",,,,,,,,,
R11,1,1.78k,R_0201_0603Metric,,,,smt,"Resistor, small symbol",,,,,,,,,
"R12, R14, R15, R16, R17, R18, R19, R20, R21, R22, R23, R4, R9",13,10k,R_0201_0603Metric,,,,smt,"Resistor, small symbol",,,,,,,,,
R13,1,0,R_0201_0603Metric,,,,smt,"Resistor, small symbol",,,,,,,,,
R2,1,137k,R_0201_0603Metric,,,,smt,"Resistor, small symbol",,,,,,,,,
R24,1,18k,R_0201_0603Metric,,,,smt,"Resistor, small symbol",,,,,,,,,
R25,1,BATT_CON,R_0201_0603Metric,,,Yes,smt,"Resistor, small symbol",,,,,,,,,
R3,1,11.5k,R_0201_0603Metric,,,,smt,"Resistor, small symbol",,,,,,,,,
"R5, R6, R7",3,1.5k,R_0201_0603Metric,,,,smt,"Resistor, small symbol",,,,,,,,,
R8,1,3.44k,R_0201_0603Metric,,,,smt,"Resistor, small symbol",,,,,,,,,
SW1,1,SW_Nidec_CAS-120A1,Nidec_Copal_CAS-120A,,,,smt,"Switch, single pole double throw",,,,,,,,,
SW2,1,SW_Push,SW_SPST_EVQP2_ShortPushTravel_H2.5mm,,,,smt,"Push button switch, generic, two pins",,,,,,,,,
U1,1,ESP32-S3FN8,QFN-56-1EP_7x7mm_P0.4mm_EP5.6x5.6mm,,,,smt,"ESP32-S3 is a low-power MCU-based system-on-chip (SoC) that supports 2.4 GHz Wi-Fi and Bluetooth® Low Energy (Bluetooth LE). It consists of high-performance dual-core microprocessor (Xtensa® 32-bit LX7), a low power coprocessor, a Wi-Fi baseband, a Bluetooth LE baseband, RF module, and peripherals.",,,,,,,,,
Y1,1,ECS-2532HS-400-3-G-TR,ECS2532HS4003GTR,,ECS-2532HS-400-3-G-TR,,smt,Standard Clock Oscillators 40.000 MHz 3.3V,,Standard Clock Oscillators 40.000 MHz 3.3V,1.1,520-2532HS-400-3-G,https://www.mouser.co.uk/ProductDetail/ECS/ECS-2532HS-400-3-G-TR?qs=5lHMIjPfuwJPbGR60BBcVw%3D%3D,ECS,"The presence of two pins (XTAL_P and XTAL_N) is dictated by the internal circuitry required to drive a Passive Crystal, which is the default use case for the chip.  Here is the technical breakdown of the internal architecture: 1. The Internal Inverting Amplifier  Inside the ESP32-S3, located physically between pin 28 and pin 27, is a high-gain Inverting Transconductance Amplifier.      XTAL_P (Pin 28): This is the Input to the internal amplifier.      XTAL_N (Pin 27): This is the Output of the internal amplifier.  2. How a Passive Crystal Works (Closed Loop)  A passive quartz crystal does not generate a signal on its own; it is a piezoelectric resonator. To make it oscillate, it must be placed in a feedback loop (specifically, a Pierce Oscillator configuration).      The internal amplifier amplifies noise on the Input (P) and pushes it out the Output (N).      This signal travels through the external Crystal connected between N and P.      The Crystal acts as a precise band-pass filter and phase shifter. It feeds the signal back into the Input (P) at exactly 40 MHz.      The loop stabilizes, creating a continuous sine wave.  Therefore, two pins are required: one to ""listen"" to the crystal (XTAL_P) and one to ""drive"" the crystal (XTAL_N). 3. Why you leave XTAL_N floating with an Active Oscillator  When you use your ECS-2520SMV active oscillator:      The external oscillator generates the full 40 MHz signal power itself.      You connect this signal into the amplifier's Input (XTAL_P).      The internal amplifier still tries to invert this signal and output it on XTAL_N, but since nothing is connected there, the signal goes nowhere.      The internal clock distribution logic taps the signal before the amplifier output, so the chip receives the clock correctly from the XTAL_P line.  Summary  The chip has two pins to form a complete electrical circuit through a passive crystal. Since you are providing a signal externally, you break that loop, drive the input (P), and ignore the output (N).",,
