﻿pos_x,pos_y,rotation,side,designator,mpn,pack,footprint,value,mount_type
73.775,-62.77,0.0,top,C1,,,C_0201_0603Metric,10uF,smt
57.025,-90.13,0.0,top,C10,,,C_0201_0603Metric,4.7uF,smt
57.025,-91.88,0.0,top,C11,,,C_0201_0603Metric,1uF,smt
57.025,-93.63,0.0,top,C12,,,C_0201_0603Metric,1uF,smt
76.225,-64.52,0.0,top,C13,,,C_0201_0603Metric,1nF,smt
76.225,-66.27,0.0,top,C14,,,C_0201_0603Metric,0.1uF,smt
73.775,-64.52,0.0,top,C2,,,C_0201_0603Metric,0.1uF,smt
73.775,-66.27,0.0,top,C3,,,C_0201_0603Metric,0.1uF,smt
73.775,-68.02,0.0,top,C4,,,C_0201_0603Metric,1uF,smt
73.775,-69.77,0.0,top,C5,,,C_0201_0603Metric,0.1uF,smt
73.775,-71.52,0.0,top,C6,,,C_0201_0603Metric,10uF,smt
58.625,-101.43,0.0,top,C7,,,C_1206_3216Metric,4.7uF/25V,smt
65.375,-103.01,0.0,top,C8,,,C_0805_2012Metric,22uF/6.3V,smt
76.225,-62.77,0.0,top,C9,,,C_0201_0603Metric,1uF,smt
82.07,-73.565,0.0,top,D1,,,D_SOD-882,DESD3V3E1BL,smt
70.29,-90.25,0.0,top,D2,,,LED_0402_1005Metric,LED,smt
70.29,-92.24,0.0,top,D4,,,LED_0402_1005Metric,LED,smt
70.29,-94.23,0.0,top,D5,,,LED_0402_1005Metric,LED,smt
77.56,-102.71,90.0,top,IC1,TPS629206QDRLRQ1,,SOTFL50P160X60-8N,TPS629206QDRLRQ1,smt
77.53,-98.58,0.0,top,IC2,BQ24074RGTR,,QFN50P300X300X100-17N-D,BQ24074RGTR,smt
71.185,-82.95,0.0,top,J1,,,USB_Micro-AB_Molex_47590-0001,USB_B_Micro,smt
59.225,-61.2,0.0,top,J2,,,microSD_HC_Molex_47219-2001,Micro_SD_Card,smt
69.375,-102.725,0.0,top,L1,,,L_TDK_MLZ1608,2.2uH,smt
57.025,-95.38,0.0,top,R1,,,R_0201_0603Metric,619k,smt
59.475,-98.88,0.0,top,R10,,,R_0201_0603Metric,3.05k,smt
61.925,-90.13,0.0,top,R11,,,R_0201_0603Metric,1.78k,smt
76.225,-69.77,0.0,top,R12,,,R_0201_0603Metric,10k,smt
76.225,-71.52,0.0,top,R13,,,R_0201_0603Metric,0,smt
78.675,-62.77,0.0,top,R14,,,R_0201_0603Metric,10k,smt
78.675,-64.52,0.0,top,R15,,,R_0201_0603Metric,10k,smt
78.675,-66.27,0.0,top,R16,,,R_0201_0603Metric,10k,smt
78.675,-68.02,0.0,top,R17,,,R_0201_0603Metric,10k,smt
78.675,-69.77,0.0,top,R18,,,R_0201_0603Metric,10k,smt
78.675,-71.52,0.0,top,R19,,,R_0201_0603Metric,10k,smt
57.025,-97.13,0.0,top,R2,,,R_0201_0603Metric,137k,smt
81.125,-62.77,0.0,top,R20,,,R_0201_0603Metric,10k,smt
81.125,-64.52,0.0,top,R21,,,R_0201_0603Metric,10k,smt
81.125,-66.27,0.0,top,R22,,,R_0201_0603Metric,10k,smt
81.125,-68.02,0.0,top,R23,,,R_0201_0603Metric,10k,smt
61.925,-91.88,0.0,top,R24,,,R_0201_0603Metric,18k,smt
61.925,-93.63,0.0,top,R25,,,R_0201_0603Metric,BATT_CON,smt
57.025,-98.88,0.0,top,R3,,,R_0201_0603Metric,11.5k,smt
76.225,-68.02,0.0,top,R4,,,R_0201_0603Metric,10k,smt
59.475,-90.13,0.0,top,R5,,,R_0201_0603Metric,1.5k,smt
59.475,-91.88,0.0,top,R6,,,R_0201_0603Metric,1.5k,smt
59.475,-93.63,0.0,top,R7,,,R_0201_0603Metric,1.5k,smt
59.475,-95.38,0.0,top,R8,,,R_0201_0603Metric,3.44k,smt
59.475,-97.13,0.0,top,R9,,,R_0201_0603Metric,10k,smt
78.25,-92.83,0.0,top,SW1,,,Nidec_Copal_CAS-120A,SW_Nidec_CAS-120A1,smt
76.625,-74.92,0.0,top,SW2,,,SW_SPST_EVQP2_ShortPushTravel_H2.5mm,SW_Push,smt
57.86,-77.41,-90.0,top,U1,,,QFN-56-1EP_7x7mm_P0.4mm_EP5.6x5.6mm,ESP32-S3FN8,smt
80.24,-80.995,0.0,top,Y1,ECS-2532HS-400-3-G-TR,,ECS2532HS4003GTR,ECS-2532HS-400-3-G-TR,smt
